INSERT INTO "PUBLIC"."CONFIG" VALUES('auth', '180d3a226f5042f50fb0cb8ff7573888', U&'\7ba1\7406\5bc6\7801', 'SYS_AUTH');
INSERT INTO "PUBLIC"."CONFIG" VALUES('title', U&'\8f6f\4ef6\5de5\5177\7bb1', U&'\7f51\9875\6807\9898', 'SYS_WEB');
INSERT INTO "PUBLIC"."CONFIG" VALUES('url', 'https://juejin.cn/user/4182968134539128/posts', U&'\535a\5ba2\94fe\63a5', 'SYS_WEB');
INSERT INTO "PUBLIC"."CONFIG" VALUES('git', 'https://gitee.com/devzyh', U&'\4ee3\7801\4ed3\5e93', 'SYS_WEB');
INSERT INTO "PUBLIC"."CONFIG" VALUES('roadmap', 'https://kdocs.cn/l/csdEbZVvsMtp', U&'\8def\7ebf\56fe\94fe\63a5', 'SYS_WEB');
INSERT INTO "PUBLIC"."CONFIG" VALUES('cdn', '//lib.baomitu.com', U&'CDN\5730\5740', 'SYS_WEB');
INSERT INTO "PUBLIC"."CONFIG" VALUES('dashboard', '/admin/mark/add', U&'\540e\53f0\9ed8\8ba4\9875\9762', 'SYS_WEB');
INSERT INTO "PUBLIC"."CONFIG" VALUES('wxmp', U&'\5fae\4fe1\516c\4f17\53f7', '', 'MARK_SOURCE');
INSERT INTO "PUBLIC"."CONFIG" VALUES('juejin', U&'\7a00\571f\6398\91d1', '', 'MARK_SOURCE');
INSERT INTO "PUBLIC"."CONFIG" VALUES('csdn', U&'CSDN\535a\5ba2', '', 'MARK_SOURCE');
INSERT INTO "PUBLIC"."CONFIG" VALUES('cnblogs', U&'\535a\5ba2\56ed', '', 'MARK_SOURCE');
INSERT INTO "PUBLIC"."CONFIG" VALUES('zhihu', U&'\77e5\4e4e', '', 'MARK_SOURCE');
INSERT INTO "PUBLIC"."CONFIG" VALUES('oschina', U&'\5f00\6e90\4e2d\56fd', '', 'MARK_SOURCE');
INSERT INTO "PUBLIC"."CONFIG" VALUES('51cto', U&'51CTO\535a\5ba2', '', 'MARK_SOURCE');
INSERT INTO "PUBLIC"."CONFIG" VALUES('jianshu', U&'\7b80\4e66', '', 'MARK_SOURCE');
INSERT INTO "PUBLIC"."CONFIG" VALUES('editor', U&'\6570\636e\7f16\8f91', '', 'LINK_TYPE');
INSERT INTO "PUBLIC"."CONFIG" VALUES('helper', U&'\6548\7387\5de5\5177', '', 'LINK_TYPE');
INSERT INTO "PUBLIC"."CONFIG" VALUES('document', U&'\6587\6863\94fe\63a5', '', 'LINK_TYPE');
INSERT INTO "PUBLIC"."CONFIG" VALUES('blog', U&'\6280\672f\535a\5ba2', '', 'LINK_TYPE');
INSERT INTO "PUBLIC"."CONFIG" VALUES('friend', U&'\53cb\60c5\94fe\63a5', '', 'LINK_TYPE');
INSERT INTO "PUBLIC"."CONFIG" VALUES('_self', U&'\5f53\524d\9875\9762', '', 'OPEN_TYPE');
INSERT INTO "PUBLIC"."CONFIG" VALUES('_blank', U&'\65b0\6807\7b7e\9875', '', 'OPEN_TYPE');
INSERT INTO "PUBLIC"."CONFIG" VALUES('direct', U&'\76f4\63a5\94fe\63a5', '', 'MARK_SOURCE');

INSERT INTO "PUBLIC"."LINK" VALUES(1, '_self', U&'\7b80\5355\7684JSON\6587\672c\7f16\8f91\5de5\5177', 1, U&'JSON\7f16\8f91\5668', 'editor', '/json');
INSERT INTO "PUBLIC"."LINK" VALUES(2, '_self', U&'\7b80\5355\7684XML\7f8e\5316\538b\7f29\5de5\5177', 2, U&'XML\7f16\8f91\5668', 'editor', '/xml');
INSERT INTO "PUBLIC"."LINK" VALUES(3, '_self', U&'\5bf9\6bd4\4e24\4e2a\6587\672c\7684\5185\5bb9\5e76\9ad8\4eae\663e\793a', 3, U&'\6587\672c\5dee\5f02\5bf9\6bd4', 'editor', '/diff');
INSERT INTO "PUBLIC"."LINK" VALUES(4, '_self', U&'XML\6570\636e\6837\5f0f\8868\529f\80fd\6d4b\8bd5', 4, U&'XSLT\7f16\8f91\5668', 'editor', '/xslt');
INSERT INTO "PUBLIC"."LINK" VALUES(5, '_self', U&'\652f\6301\5e38\89c1\7684\52a0\5bc6\4e0e\89e3\5bc6\6280\672f', 5, U&'\7f16\7801/\52a0\5bc6/\89e3\5bc6', 'editor', '/code');
INSERT INTO "PUBLIC"."LINK" VALUES(6, '_self', U&'Unix\65f6\95f4\6233\5728\7ebf\8f6c\6362\5de5\5177', 6, U&'Unix\65f6\95f4\6233', 'editor', '/unix');
INSERT INTO "PUBLIC"."LINK" VALUES(7, '_blank', U&'\5728\7ebfCrontab\8868\8fbe\5f0f\751f\6210\5668', 7, U&'Crontab\5de5\5177', 'editor', 'https://cron.ciding.cc/');
INSERT INTO "PUBLIC"."LINK" VALUES(8, '_blank', U&'\5e38\7528\7f16\7a0b\8bed\8a00\6b63\5219\8868\8fbe\5f0f\6d4b\8bd5\5668', 8, U&'\6b63\5219\8868\8fbe\5f0f', 'editor', 'https://regex101.com/');
INSERT INTO "PUBLIC"."LINK" VALUES(9, '_blank', U&'\4fbf\6377\7684\8111\56fe\7f16\8f91\5de5\5177', 9, U&'\767e\5ea6\8111\56fe', 'editor', 'https://naotu.baidu.com/');
INSERT INTO "PUBLIC"."LINK" VALUES(10, '_blank', U&'\56fe\8868\8f6f\4ef6\548c\6d41\7a0b\56fe\5236\4f5c\5de5\5177', 9, 'draw.io', 'editor', 'https://app.diagrams.net/');
INSERT INTO "PUBLIC"."LINK" VALUES(11, '_blank', U&'\5728\6ef4\7b54\6e05\5355\4e2d\8bb0\5f55\548c\89c4\5212\5927\5c0f\4e8b\52a1\3001\7528\66f4\5c11\7684\65f6\95f4\8fbe\6210\76ee\6807', 30, U&'\6ef4\7b54\6e05\5355', 'helper', 'https://dida365.com/signin');
INSERT INTO "PUBLIC"."LINK" VALUES(12, '_blank', U&'\652f\6301\8d85\8fc7100\79cd\8bed\79cd\7684\514d\8d39\5728\7ebf\7ffb\8bd1', 12, U&'\706b\5c71\7ffb\8bd1', 'editor', 'https://translate.volcengine.com/');
INSERT INTO "PUBLIC"."LINK" VALUES(13, '_blank', U&'\5728\7ebf\5de5\5177\7bb1:\514d\5b89\88c5,\5728\7ebf\4f7f\7528,\7a0b\5e8f\5458\7f16\7a0b\5f00\53d1\5fc5\5907\5de5\5177\7bb1', 20, U&'ToolTT\5728\7ebf\5de5\5177\7bb1', 'helper', 'https://tooltt.com/');
INSERT INTO "PUBLIC"."LINK" VALUES(14, '_blank', U&'Unicode(\4e07\56fd\7801\3001\56fd\9645\7801\3001\7edf\4e00\7801) \5b57\7b26\641c\7d22Web\670d\52a1 ', 50, U&'Unicode\5b57\7b26\767e\79d1', 'helper', 'https://unicode-table.com/cn/');
INSERT INTO "PUBLIC"."LINK" VALUES(15, '_blank', U&'\4e00\4e2a\7b80\5355\7684HTPP\8bf7\6c42\54cd\5e94\7f51\7ad9', 60, 'httpbin.org', 'helper', 'https://httpbin.org');
INSERT INTO "PUBLIC"."LINK" VALUES(16, '_blank', U&'\6700\5168\9762\7684 Git \8d44\6e90\7d22\5f15\4ee5\53ca\5e38\7528\547d\4ee4\6559\7a0b', 40, U&'Git\5927\5168', 'helper', 'https://gitee.com/all-about-git');
INSERT INTO "PUBLIC"."LINK" VALUES(21, '_blank', U&'\4e0b\8f7dChrome\6269\5c55\63d2\4ef6Crx\79bb\7ebf\5b89\88c5\5305', 70, 'CrxDL', 'helper', 'https://crxdl.com/');
INSERT INTO "PUBLIC"."LINK" VALUES(22, '_blank', U&'\8f6f\4ef6\5141\8bb8\60a8\5c06SVG\6587\6863\8f6c\6362\6210PNG\6587\6863\3002', 100, U&'SVG\6587\4ef6\5904\7406', 'helper', 'https://svgtopng.com/zh/');
INSERT INTO "PUBLIC"."LINK" VALUES(25, '_blank', '', 90, U&'\9ad8\6e05\5e94\7528\56fe\6807\4e0b\8f7d', 'helper', 'https://jiejingku.net/icon/index.html');
INSERT INTO "PUBLIC"."LINK" VALUES(26, '_blank', U&'\60a8\90e8\7f72\7684HTTPS\7f51\7ad9\5b89\5168\5417', 80, U&'SSL/TLS\5b89\5168\8bc4\4f30', 'helper', 'https://myssl.com/');
INSERT INTO "PUBLIC"."LINK" VALUES(27, '_blank', U&'Java\8bed\8a00\548c\865a\62df\673a\89c4\8303', 30, U&'Java\89c4\8303', 'document', 'https://docs.oracle.com/javase/specs/index.html');
INSERT INTO "PUBLIC"."LINK" VALUES(29, '_blank', U&'Java8\5b98\65b9\6587\6863', 20, U&'Java8\6587\6863', 'document', 'https://docs.oracle.com/javase/8/docs/api/');
INSERT INTO "PUBLIC"."LINK" VALUES(30, '_blank', U&'Spring\9879\76ee\5b98\65b9\6587\6863', 40, U&'Spring\6587\6863', 'document', 'https://spring.io/projects');
INSERT INTO "PUBLIC"."LINK" VALUES(31, '_blank', U&'Mybatis\5b98\65b9\4e2d\6587\6587\6863', 50, U&'Mybatis\6587\6863', 'document', 'https://mybatis.org/mybatis-3/zh/index.html');
INSERT INTO "PUBLIC"."LINK" VALUES(32, '_blank', U&'\9762\5411Web\5f00\53d1\8005\7684\6587\6863', 70, U&'Web\5f00\53d1\6280\672f', 'document', 'https://developer.mozilla.org/zh-CN/docs/Web');
INSERT INTO "PUBLIC"."LINK" VALUES(33, '_blank', U&'\963f\91cc\5df4\5df4Java\5f00\53d1\624b\518c', 60, U&'Java\5f00\53d1\624b\518c', 'document', 'https://github.com/alibaba/p3c');
INSERT INTO "PUBLIC"."LINK" VALUES(34, '_blank', U&'\300aOn Java 8\300b\4e2d\6587\7248', 10, 'On Java8', 'document', 'https://gitee.com/lingcoder/OnJava8/tree/1ef7ec48e492862300e667e24c245e9b3a5ccd98');
INSERT INTO "PUBLIC"."LINK" VALUES(37, '_blank', U&'\4e00\4e2a\514d\8d39\5f00\653e\4e14\6301\7eed\66f4\65b0\7684\7f16\7a0b\7ade\8d5b\77e5\8bc6\6574\5408\7ad9\70b9', 100, 'OI Wiki', 'document', 'https://oi-wiki.org/');

INSERT INTO "PUBLIC"."LINK" VALUES(38, '_blank', U&'Arthas \662fAlibaba\5f00\6e90\7684Java\8bca\65ad\5de5\5177\ff0c\6df1\53d7\5f00\53d1\8005\559c\7231', 90, U&'Arthas\6587\6863', 'document', 'https://arthas.aliyun.com/doc/quick-start.html');
INSERT INTO "PUBLIC"."LINK" VALUES(39, '_blank', U&'\672c\6587\6863\662f Redis Command Reference \548c Redis Documentation \7684\4e2d\6587\7ffb\8bd1\7248', 80, U&'Redis\547d\4ee4\53c2\8003', 'document', 'http://doc.redisfans.com/');
INSERT INTO "PUBLIC"."LINK" VALUES(41, '_blank', U&'\6709\6027\80fd\95ee\9898\ff0c\4e0aHeapDump\6027\80fd\793e\533a', 70, 'HeapDump', 'blog', 'https://heapdump.cn/');
INSERT INTO "PUBLIC"."LINK" VALUES(42, '_blank', U&'\63d0\4f9b\4e86\7f16\7a0b\7684\57fa\7840\6280\672f\6559\7a0b, \4ecb\7ecd\4e86\5404\79cd\7f16\7a0b\8bed\8a00\7684\57fa\7840\77e5\8bc6', 10, U&'\83dc\9e1f\6559\7a0b', 'blog', 'https://www.runoob.com');
INSERT INTO "PUBLIC"."LINK" VALUES(43, '_blank', U&'\6c47\805a\963f\91cc\5df4\5df4\6280\672f\5b9e\8df5\7cbe\534e\ff0c\6df1\5ea6\5206\4eab\963f\91cc\5de5\7a0b\5e08\5b9e\6218\7ecf\9a8c', 20, U&'\963f\91cc\4e91\85cf\7ecf\9601', 'blog', 'https://developer.aliyun.com/ebook');
INSERT INTO "PUBLIC"."LINK" VALUES(44, '_blank', U&'\91cd\5b66Java\8bbe\8ba1\6a21\5f0f, \5b57\8282\7801\7f16\7a0b, \4e2d\95f4\4ef6, Spring, Java\57fa\7840, \9762\7ecf\624b\518c', 30, U&'\5c0f\5085\54e5 bugstack \866b\6d1e\6808', 'blog', 'https://bugstack.cn/');
INSERT INTO "PUBLIC"."LINK" VALUES(45, '_blank', U&'\5305\542b: Java, Spring, \6570\636e\5e93\539f\7406, \5206\5e03\5f0f, \4e2d\95f4\4ef6, \5f00\53d1\5de5\5177\7b49', 50, U&'Java\5168\6808\77e5\8bc6\4f53\7cfb', 'blog', 'https://pdai.tech/');
INSERT INTO "PUBLIC"."LINK" VALUES(46, '_blank', U&'\6784\5efa\53ef\9760\7684\5927\578b\5206\5e03\5f0f\7cfb\7edf', 80, U&'\51e4\51f0\67b6\6784', 'blog', 'https://icyfenix.cn/');
INSERT INTO "PUBLIC"."LINK" VALUES(47, '_blank', U&'\8ba9\5929\4e0b\6ca1\6709\96be\5b66\7684\6280\672f', 60, U&'\5e76\53d1\7f16\7a0b\7f51', 'blog', 'https://ifeve.com/');
INSERT INTO "PUBLIC"."LINK" VALUES(50, '_blank', U&'\4e00\4efd\6db5\76d6\5927\90e8\5206 Java \7a0b\5e8f\5458\6240\9700\8981\638c\63e1\7684\6838\5fc3\77e5\8bc6', 40, U&'Java \9762\8bd5\6307\5357', 'blog', 'https://javaguide.cn/');
INSERT INTO "PUBLIC"."LINK" VALUES(52, '_blank', U&'\6765\81ea\9b54\90fd\7684\7a0b\5e8f\5458\ff0c\5728\4e92\8054\7f51\6478\722c\6eda\6253\4e86\5f88\591a\5e74', 100, 'Javadoop', 'blog', 'https://javadoop.com/');
INSERT INTO "PUBLIC"."LINK" VALUES(57, '_blank', U&'\4e0d\60f3\4f60\60ca\8273\6211\5e74\5c11\65f6\5149 \53ea\613f\4f60\6696\6211\4eca\540e\5c81\6708', 1, 'HMISTER', 'friend', 'https://hmister.net/');
INSERT INTO "PUBLIC"."LINK" VALUES(58, '_blank', U&'\4ece JavaScript \7a0b\5e8f\5458\7684\89d2\5ea6\603b\7ed3\601d\8003\ff0c\5faa\5e8f\6e10\8fdb\7684\7406\89e3 TypeScript', 90, U&'TypeScript \5165\95e8\6559\7a0b', 'blog', 'https://ts.xcatliu.com/');
INSERT INTO "PUBLIC"."LINK" VALUES(1723021427269050369, '_blank', U&'PlantUML\662f\4e00\4e2a\591a\529f\80fd\7ec4\4ef6\ff0c\53ef\5feb\901f\3001\76f4\63a5\5730\521b\5efa\56fe\8868', 10, 'PlantUML', 'editor', 'https://plantuml.com/zh/');
INSERT INTO "PUBLIC"."LINK" VALUES(1729788607688994818, '_blank', U&'\652f\6301release\3001archive\4ee5\53ca\6587\4ef6\ff0c\4e5f\53ef\76f4\63a5\62fc\63a5URL\4e0b\8f7d', 10, U&'GitHub\52a0\901f\4e0b\8f7d', 'helper', 'https://github.js.cn/');

INSERT INTO "PUBLIC"."MARK" VALUES(1, U&'\5fae\670d\52a1\4e5f\5e26\6765\4e86\8bb8\591a\95ee\9898\ff0c\4f8b\5982\ff1a\5206\5e03\5f0f\90e8\7f72\7684\590d\6742\5ea6\660e\663e\63d0\5347\3001\63a5\53e3\8c03\6574\7684\6210\672c\5347\9ad8\3001\5bf9\8fd0\7ef4\7684\9700\6c42\4e5f\66f4\9ad8\4e86\3002\5176\4e2d\4e00\4e2a\4e3b\8981\7684\95ee\9898\662f\4e0d\540c\7684\670d\52a1\4f7f\7528\72ec\7acb\7684\6570\636e\5e93\ff0c\63d0\9ad8\4e86\6570\636e\4f7f\7528\7684\6548\7387\ff0c\4f46\5bf9\4e8e\590d\6742\7684\4e1a\52a1\573a\666f\4e5f\5e26\6765\4e86\67e5\8be2\5176\4ed6\670d\52a1\7684\6570\636e\7684\590d\6742\5ea6\3002', 'direct', U&'\5fae\670d\52a1\4e4b\540e\ff0c\5982\4f55\5904\7406\6570\636e\7684\7edf\4e00\5206\6790\ff08\7c7b\4f3c\62a5\8868\ff09', 'https://developer.aliyun.com/article/886776#slide-0');
INSERT INTO "PUBLIC"."MARK" VALUES(2, U&'\4eca\5929\8981\5206\4eab\7684\662f MVC \548c DDD \7684\67b6\6784\672c\8d28\ff0c\901a\8fc7\7531\6d45\5165\6df1\7684\4ecb\7ecd\8bb2\89e3\548c\89c6\9891\5e26\7740\624b\628a\624b\64cd\4f5c\521b\5efa\5de5\7a0b\67b6\6784\3002\8ba9\65e0\8bba\662f\5b66\4e60 MVC \7684\5c0f\767d\7801\519c\8fd8\662f\5e0c\671b\4e86\89e3\66f4\591a\5173\4e8e DDD \5185\5bb9\7684\8001\767d\7801\519c\ff0c\90fd\53ef\4ee5\5b66\4e60\5230\4e00\70b9\81ea\5df1\9700\8981\7684\5185\5bb9\3002', 'wxmp', U&'\4e3a\4ec0\4e48\4ece MVC \5230 DDD\ff0c\67b6\6784\7684\672c\8d28\662f\4ec0\4e48\ff1f', 'https://mp.weixin.qq.com/s/wJ1ztDdaYcMN9jEIlMua0w');
INSERT INTO "PUBLIC"."MARK" VALUES(3, U&'Vmware\865a\62df\78c1\76d8\5b9e\9645\4f7f\7528\7a7a\95f4\548c\5206\914d\7a7a\95f4\4e0d\4e00\81f4\95ee\9898\89e3\51b3\3002\4e3b\8981\662f\4ee5\4e0b\4e24\6761\547d\4ee4\ff1a```shelllvextend -L 10G /dev/mapper/ubuntu--vg-ubuntu--lv # \589e\5927\6216\51cf\5c0f\81f319Gresize2fs /dev/mapper/ubuntu--vg-ubuntu--lv # \6269\5bb9```', 'zhihu', U&'\5982\4f55\6269\5927ubuntu\7684ubuntu--vg-ubuntu--lv\7a7a\95f4', 'https://zhuanlan.zhihu.com/p/359959580');
INSERT INTO "PUBLIC"."MARK" VALUES(4, U&'\56fe\50cf\641c\7d22\7684\6280\672f\57fa\7840\4e3b\8981\5305\62ec\56fe\50cf\5904\7406\548c\673a\5668\5b66\4e60\7b49\65b9\9762\3002\901a\8fc7\56fe\50cf\5904\7406\ff0c\53ef\4ee5\63d0\53d6\56fe\50cf\7684\7279\5f81\ff08\5982\989c\8272\3001\5f62\72b6\3001\7eb9\7406\7b49\ff09\ff0c\7136\540e\901a\8fc7\673a\5668\5b66\4e60\6a21\578b\6bd4\8f83\8fd9\4e9b\7279\5f81\6765\5bfb\627e\76f8\4f3c\7684\56fe\7247\3002\8fd1\5e74\6765\ff0c\6df1\5ea6\5b66\4e60\4e5f\5728\56fe\50cf\641c\7d22\4e2d\53d1\6325\4e86\91cd\8981\4f5c\7528\ff0c\4f7f\5f97\641c\7d22\7ed3\679c\66f4\52a0\7cbe\786e\548c\9ad8\6548\3002', 'wxmp', U&'\5982\4f55\7528 Elasticsearch \5b9e\73b0\201c\56fe\641c\56fe\201d', 'https://mp.weixin.qq.com/s/PgY035gC_BfU-AG4cO6NtQ');
INSERT INTO "PUBLIC"."MARK" VALUES(5, U&'\6d4f\89c8\5668\80fd\5e72\7684\4e8b\513f\ff0c\65e0\5934\6d4f\89c8\5668\90fd\80fd\5e72\ff0c\800c\4e14\5f88\591a\65f6\5019\6bd4\6807\51c6\6d4f\89c8\5668\8fd8\8981\66f4\597d\7528\ff0c\800c\4e14\80fd\5b9e\73b0\4e00\4e9b\5f88\597d\73a9\513f\7684\529f\80fd\ff0c\6211\4eec\80fd\501f\52a9\65e0\5934\6d4f\89c8\5668\6bd4\80a9\6807\51c6\6d4f\89c8\5668\5f3a\5927\7684\529f\80fd\ff0c\800c\4e14\53c8\80fd\7075\6d3b\7684\7528\7a0b\5e8f\63a7\5236\7684\7279\6027\ff0c\505a\51fa\4e00\4e9b\5f88\6709\610f\601d\7684\4ea7\54c1\529f\80fd\6765\ff0c\7a0d\540e\6211\4eec\7ec6\8bf4\3002', 'juejin', U&'\5251\8d70\504f\950b\ff0c\65e0\5934\6d4f\89c8\5668\662f\4ec0\4e48\795e\5947\7684\5bb6\4f19', 'https://juejin.cn/post/7243780412547121208');
INSERT INTO "PUBLIC"."MARK" VALUES(6, U&'\6570\636e\5e93\67e5\8be2\76f8\4fe1\5f88\591a\4eba\90fd\4e0d\964c\751f\ff0c\6240\6709\7ecf\5e38\6709\4eba\8c03\4f83\7a0b\5e8f\5458\5c31\662fCRUD\4e13\5458\ff0c\8fd9\6240\8c13\7684CRUD\6307\7684\5c31\662f\6570\636e\5e93\7684\589e\5220\6539\67e5\3002\5728\6570\636e\5e93\7684\589e\5220\6539\67e5\64cd\4f5c\4e2d\ff0c\4f7f\7528\6700\9891\7e41\7684\5c31\662f\67e5\8be2\64cd\4f5c\3002\800c\5728\6240\6709\67e5\8be2\64cd\4f5c\4e2d\ff0c\7edf\8ba1\6570\91cf\64cd\4f5c\66f4\662f\7ecf\5e38\88ab\7528\5230\3002\5173\4e8e\6570\636e\5e93\4e2d\884c\6570\7edf\8ba1\ff0c\65e0\8bba\662fMySQL\8fd8\662fOracle\ff0c\90fd\6709\4e00\4e2a\51fd\6570\53ef\4ee5\4f7f\7528\ff0c\90a3\5c31\662fCOUNT\3002', 'cnblogs', U&'\4e0d\5c31\662fSELECT COUNT\8bed\53e5\5417\ff0c\7adf\7136\80fd\88ab\9762\8bd5\5b98\8650\7684\4f53\65e0\5b8c\80a4', 'https://www.cnblogs.com/hollischuang/p/11711778.html');

INSERT INTO "PUBLIC"."MARK" VALUES(7, U&'\5728\8bed\4e49\76f8\540c\ff0c\6709\7d22\5f15\7684\60c5\51b5\4e0b\ff1a group by\548cdistinct\90fd\80fd\4f7f\7528\7d22\5f15\ff0c\6548\7387\76f8\540c\3002 \5728\8bed\4e49\76f8\540c\ff0c\65e0\7d22\5f15\7684\60c5\51b5\4e0b\ff1a distinct\6548\7387\9ad8\4e8egroup by\3002\539f\56e0\662fdistinct \548c group by\90fd\4f1a\8fdb\884c\5206\7ec4\64cd\4f5c\ff0c\4f46group by\53ef\80fd\4f1a\8fdb\884c\6392\5e8f\ff0c\89e6\53d1filesort\ff0c\5bfc\81f4sql\6267\884c\6548\7387\4f4e\4e0b\3002', 'juejin', U&'distinct\6548\7387\66f4\9ad8\8fd8\662fgroup by\6548\7387\66f4\9ad8\ff1f', 'https://juejin.cn/post/6979045255224131621');
INSERT INTO "PUBLIC"."MARK" VALUES(8, U&'\672c\7ae0\8282\901a\8fc7 Docker \65b9\5f0f\90e8\7f72\4e00\5957 skywalking \975e\5165\4fb5\7684\5168\94fe\8def\76d1\63a7\7cfb\7edf\ff0c\5e76\5728\5bf9\5e94\7684\6d4b\8bd5\5de5\7a0b\4e2d\901a\8fc7 skywalking-agent \5b57\8282\7801\589e\5f3a\7ec4\4ef6\ff0c\91c7\96c6\7cfb\7edf\8fd0\884c\65f6\7684\5404\9879\4fe1\606f\5230 skywalking-ui \76d1\63a7\5e73\53f0\89c2\5bdf\6570\636e\3002', 'wxmp', U&'\9762\8bd5\5b98\ff1a\201c\4f60\5c31\8bf4\ff0c\4f60\7684\7cfb\7edfQPS\3001TPS\3001\54cd\5e94\65f6\95f4\90fd\662f\591a\5c11\ff01\201d', 'https://mp.weixin.qq.com/s/mLu8bES-Jh0IBa2qYtg9SQ');
INSERT INTO "PUBLIC"."MARK" VALUES(9, U&'\7ecf\8fc7\591a\6b21\6d4b\8bd5\5f97\51fa\539f\56e0\ff1a \670d\52a1\5668\8fd0\884c\65f6\ff0c\4e0d\8981\4e0a\4f20jar\5305\ff0c\4e00\5b9a\8981\628a\670d\52a1\505c\6b62\6389\ff0c\518d\4e0a\4f20jar\3002', 'juejin', 'A java.lang.NoClassDefFoundError: ch/qos/logback/classic/spi/ThrowableProxy', 'https://juejin.cn/post/6844903534039662600');
INSERT INTO "PUBLIC"."MARK" VALUES(10, U&'DataX \662f\963f\91cc\4e91 DataWorks\6570\636e\96c6\6210 \7684\5f00\6e90\7248\672c\ff0c\5728\963f\91cc\5df4\5df4\96c6\56e2\5185\88ab\5e7f\6cdb\4f7f\7528\7684\79bb\7ebf\6570\636e\540c\6b65\5de5\5177/\5e73\53f0\3002DataX \5b9e\73b0\4e86\5305\62ec MySQL\3001Oracle\3001OceanBase\3001SqlServer\3001Postgre\3001HDFS\3001Hive\3001ADS\3001HBase\3001TableStore(OTS)\3001MaxCompute(ODPS)\3001Hologres\3001DRDS\3001 databend \7b49\5404\79cd\5f02\6784\6570\636e\6e90\4e4b\95f4\9ad8\6548\7684\6570\636e\540c\6b65\529f\80fd\3002', 'opensource', U&'\79bb\7ebf\6570\636e\540c\6b65\5de5\5177DataX', 'https://github.com/alibaba/DataX');
INSERT INTO "PUBLIC"."MARK" VALUES(11, U&'frp \662f\4e00\4e2a\4e13\6ce8\4e8e\5185\7f51\7a7f\900f\7684\9ad8\6027\80fd\7684\53cd\5411\4ee3\7406\5e94\7528\ff0c\652f\6301 TCP\3001UDP\3001HTTP\3001HTTPS \7b49\591a\79cd\534f\8bae\3002\53ef\4ee5\5c06\5185\7f51\670d\52a1\4ee5\5b89\5168\3001\4fbf\6377\7684\65b9\5f0f\901a\8fc7\5177\6709\516c\7f51 IP \8282\70b9\7684\4e2d\8f6c\66b4\9732\5230\516c\7f51\3002', 'opensource', U&'\5185\7f51\7a7f\900f\5de5\5177frp', 'https://github.com/fatedier/frp/blob/dev/README_zh.md');
INSERT INTO "PUBLIC"."MARK" VALUES(12, U&'Canal\662f\963f\91cc\5df4\5df4\5f00\6e90\7684\57fa\4e8eMySQL\534f\8bae\7684\6570\636e\589e\91cf\8ba2\9605\548c\6d88\8d39\7ec4\4ef6\3002Canal\53ef\4ee5\76d1\63a7MySQL\6570\636e\5e93\7684\53d8\5316\ff0c\5e76\5c06\76f8\5e94\7684\4e8b\4ef6\53d1\9001\5230MQ\3001Kafka\7b49\6d88\606f\4e2d\95f4\4ef6\ff0c\6216\8005\76f4\63a5\6d88\8d39\6570\636e\3002Canal\652f\6301MySQL\4e3b\4ece\590d\5236\534f\8bae\ff0c\57fa\4e8e\6570\636e\5e93\589e\91cf\65e5\5fd7\89e3\6790\ff0c\63d0\4f9b\4e86\589e\91cf\6570\636e\8ba2\9605\548c\6d88\8d39\7684\80fd\529b\3002Canal\53ef\4ee5\7528\4e8e\6570\636e\7f13\5b58\3001\641c\7d22\5f15\64ce\3001\6570\636e\5206\6790\7b49\591a\4e2a\573a\666f\3002', 'wxmp', U&'Spring Boot + Canal \5b9e\73b0\6570\636e\5e93\53d8\5316\7684\5b9e\65f6\76d1\63a7', 'https://mp.weixin.qq.com/s/2Pjjj-_bkLLAO-IkWfoPcg');
INSERT INTO "PUBLIC"."MARK" VALUES(13, U&'\8bbe\8ba1\6a21\5f0f\662f\8f6f\4ef6\8bbe\8ba1\4e2d\5e38\89c1\95ee\9898\7684\5178\578b\89e3\51b3\65b9 \6848\3002 ?\6bcf\4e2a\6a21\5f0f\5c31\50cf\4e00\5f20\84dd\56fe\ff0c ?\4f60\53ef\4ee5\901a\8fc7\5bf9\5176 \8fdb\884c\5b9a\5236\6765\89e3\51b3\4ee3\7801\4e2d\7684\7279\5b9a\8bbe\8ba1\95ee\9898\3002', 'direct', U&'\300a\8bbe\8ba1\6a21\5f0f\300b', 'https://refactoringguru.cn/design-patterns');
INSERT INTO "PUBLIC"."MARK" VALUES(14, U&'NetHogs\662f\4e00\4e2a\5c0f\578b\7684net top\5de5\5177\ff0c\4e0d\50cf\5927\591a\6570\5de5\5177\90a3\6837\62d6\6162\6bcf\4e2a\534f\8bae\6216\8005\662f\6bcf\4e2a\5b50\7f51\7684\901f\5ea6\800c\662f\6309\7167\8fdb\7a0b\8fdb\884c\5e26\5bbd\5206\7ec4\3002NetHogs\4e0d\9700\8981\4f9d\8d56\8f7d\5165\67d0\4e2a\7279\6b8a\7684\5185\6838\6a21\5757\3002\5982\679c\53d1\751f\4e86\7f51\7edc\963b\585e\4f60\53ef\4ee5\542f\52a8NetHogs\7acb\5373\770b\5230\54ea\4e2aPID\9020\6210\7684\8fd9\79cd\72b6\51b5\3002\8fd9\6837\5c31\5f88\5bb9\6613\627e\51fa\54ea\4e2a\7a0b\5e8f\8dd1\98de\4e86\7136\540e\7a81\7136\5360\7528\4f60\7684\5e26\5bbd\3002', 'direct', U&'NetHogs\76d1\63a7Linux\7684\6bcf\4e2a\8fdb\7a0b\6d41\91cf', 'http://bash.lutixia.cn/c/nethogs.html#nethogs');

INSERT INTO "PUBLIC"."MARK" VALUES(15, U&'\5728\7814\7a76\89c4\5219\5f15\64ce\65f6\ff0c\5982\679c\89c4\5219\4ee5\6587\4ef6\7684\5f62\5f0f\5b58\50a8\ff0c\90a3\4e48\5c31\9700\8981\76d1\542c\6307\5b9a\7684\76ee\5f55\6216\6587\4ef6\6765\611f\77e5\89c4\5219\662f\5426\53d8\5316\ff0c\8fdb\800c\8fdb\884c\52a0\8f7d\3002\5f53\7136\ff0c\5728\5176\4ed6\4e1a\52a1\573a\666f\4e0b\ff0c\6bd4\5982\60f3\5b9e\73b0\914d\7f6e\6587\4ef6\7684\52a8\6001\52a0\8f7d\3001\65e5\5fd7\6587\4ef6\7684\76d1\542c\3001FTP\6587\4ef6\53d8\52a8\76d1\542c\7b49\90fd\4f1a\9047\5230\7c7b\4f3c\7684\573a\666f\3002', 'direct', U&'Java\5b9e\73b0\76d1\542c\6587\4ef6\53d8\5316\7684\4e09\79cd\65b9\6cd5', 'https://segmentfault.com/a/1190000041913336');
INSERT INTO "PUBLIC"."MARK" VALUES(16, U&'\5728\7f51\4e0a\53ef\4ee5\7ecf\5e38\770b\5230\5173\4e8e HTTP GET \8bf7\6c42\80fd\4e0d\80fd\5e26 body \7684\8ba8\8bba\3002\6709\7684\4eba\8ba4\4e3a GET \8bf7\6c42\53ef\4ee5\5e26 body\ff0c\6709\7684\8ba4\4e3a GET \8bf7\6c42\4e0d\80fd\5e26 body\ff0c\8fd8\6709\4e9b\4eba\8ba4\4e3a\53ef\4ee5\5e26\4f46\6700\597d\4e0d\5e26\3002\5927\5bb6\5404\6267\5df1\89c1\ff0c\8c01\90fd\6ca1\6709 100% \8bf4\670d\8c01\3002', 'zhihu', U&'HTTP GET \8bf7\6c42\53ef\4ee5\6709 body \5417\ff1f', 'https://zhuanlan.zhihu.com/p/456921996');
INSERT INTO "PUBLIC"."MARK" VALUES(17, '', 'csdn', U&'Ubuntu Server 20.04 \8bbe\7f6e\9759\6001 IP', 'https://blog.csdn.net/lianghecai52171314/article/details/113804465');
INSERT INTO "PUBLIC"."MARK" VALUES(18, U&'MAT\662fMemory Analyzer tool\7684\7f29\5199\ff0c\662f\4e00\79cd\5feb\901f\ff0c\529f\80fd\4e30\5bcc\7684Java\5806\5206\6790\5de5\5177\ff0c\80fd\5e2e\52a9\4f60\67e5\627e\5185\5b58\6cc4\6f0f\548c\51cf\5c11\5185\5b58\6d88\8017\3002\5f88\591a\60c5\51b5\4e0b\ff0c\6211\4eec\9700\8981\5904\7406\6d4b\8bd5\63d0\4f9b\7684hprof\6587\4ef6\ff0c\5206\6790\5185\5b58\76f8\5173\95ee\9898\ff0c\90a3\4e48MAT\4e5f\7edd\5bf9\662f\4e0d\4e8c\4e4b\9009\3002', 'cnblogs', U&'Mat\4f7f\7528\8be6\89e3', 'https://www.cnblogs.com/zh94/p/14051852.html');
INSERT INTO "PUBLIC"."MARK" VALUES(19, U&'\683c\6797\5a01\6cbb\65f6\95f4\3001\4e16\754c\65f6\3001\7956\9c81\65f6\95f4\3001GMT\3001UTC\3001\8de8\65f6\533a\3001\590f\4ee4\65f6\ff0c\8fd9\4e9b\773c\82b1\7f2d\4e71\7684\65f6\95f4\672f\8bed\ff0c\6211\4eec\53ef\80fd\90fd\4e0d\964c\751f\ff0c\4f46\662f\771f\6b63\9047\5230\95ee\9898\ff0c\53ef\80fd\53c8\4e0d\90a3\4e48\786e\5b9a\ff0c\4e0d\5f97\4e0d\518d\53bb\67e5\4e00\67e5\ff0c\5904\7406\5b8c\53ef\80fd\8fc7\6bb5\65f6\95f4\53c8\5fd8\8bb0\3002\4eca\5929\ff0c\6211\4eec\5f7b\5e95\6765\68b3\7406\4e00\4e0b\5b83\4eec\3002', 'zhihu', U&'\5f7b\5e95\5f04\61c2GMT\3001UTC\3001\65f6\533a\548c\590f\4ee4\65f6', 'https://zhuanlan.zhihu.com/p/135951778');
INSERT INTO "PUBLIC"."MARK" VALUES(20, U&'\524d\51e0\5929\540c\4e8b\5728\665a\4e0a\4e0a\7ebf\7684\65f6\5019\6267\884c sql \8bed\53e5\9020\6210\9501\8868\ff0c\60f3\603b\7ed3\4e00\4e0b\4ee5\907f\514d\540e\7eed\53d1\751f\3002', 'direct', U&'MySQL \9501\8868\540e\5feb\901f\89e3\51b3\65b9\6cd5\53ca\9501\8868\539f\56e0', 'https://xie.infoq.cn/article/469900fb8757d181892384335');
INSERT INTO "PUBLIC"."MARK" VALUES(21, U&'\ff082023\6700\65b0\7248\ff09', 'wxmp', U&'\76ee\524d\5de5\8d44\6700\9ad8\7684\51e0\5bb6\5916\5305\516c\53f8\6c47\603b\ff01', 'https://mp.weixin.qq.com/s/djL7tFpUMCcuo6O-NZTAqw');
INSERT INTO "PUBLIC"."MARK" VALUES(22, '', 'wxmp', U&'\7535\5546\7cfb\7edf\7684\652f\4ed8\67b6\6784\8fd9\6837\8bbe\8ba1\ff0c\7a33\7684\4e00\6279', 'https://mp.weixin.qq.com/s/lL9oyI5ZPjrtV58BLvYZoQ');
INSERT INTO "PUBLIC"."MARK" VALUES(23, '', '51cto', U&'Nginx upstream\7684\51e0\79cd\5206\914d\65b9\5f0f', 'https://blog.51cto.com/wangwei007/1103727');
INSERT INTO "PUBLIC"."MARK" VALUES(24, U&'\6309\7167\5b98\65b9\7684\8bf4\6cd5\ff1a\201cJava \865a\62df\673a\5177\6709\4e00\4e2a\5806(Heap)\ff0c\5806\662f\8fd0\884c\65f6\6570\636e\533a\57df\ff0c\6240\6709\7c7b\5b9e\4f8b\548c\6570\7ec4\7684\5185\5b58\5747\4ece\6b64\5904\5206\914d\3002\5806\662f\5728 Java \865a\62df\673a\542f\52a8\65f6\521b\5efa\7684\3002\201d\201c\5728JVM\4e2d\5806\4e4b\5916\7684\5185\5b58\79f0\4e3a\975e\5806\5185\5b58(Non-heap memory)\201d\3002', 'direct', U&'JVM\5806\5185\5b58\548c\975e\5806\5185\5b58', 'http://xstarcd.github.io/wiki/Java/JVM_Heap_Non-heap.html');
INSERT INTO "PUBLIC"."MARK" VALUES(25, U&'\6211\4eec\77e5\9053\5728Linux\4e2d\4e00\5207\7686\6587\4ef6\ff0c\90a3\4e48\4e00\53f0\670d\52a1\5668\6700\5927\80fd\6253\5f00\591a\5c11\4e2a\6587\4ef6\5462\ff1fLinux\4e0a\80fd\6253\5f00\7684\6700\5927\6587\4ef6\6570\91cf\53d7\4e09\4e2a\53c2\6570\5f71\54cd\3002', 'juejin', U&'\4e00\53f0\670d\52a1\5668\6700\5927\80fd\652f\6301\591a\5c11\6761TCP\8fde\63a5', 'https://juejin.cn/post/7162824884597293086');

INSERT INTO "PUBLIC"."MARK" VALUES(26, U&'\4e3a\4e86\5e2e\52a9\5927\5bb6\66f4\597d\7684\7406\89e3\8fd9\79cd\865a\65e0\7f25\7f08\7684\6982\5ff5\ff0c\4e5f\4e3a\4e86\66f4\597d\7684\51cf\5c11\5927\5bb6\5728\65b0\8bcd\9891\51fa\7684IT\884c\4e1a\5de5\4f5c\7684\75db\82e6\ff0c\4f5c\8005\5c1d\8bd5\7528\4eba\8bdd\6765\89e3\91ca\4e0bDDD\ff0c\5e76\4e14\6700\540e\4f1a\4e3eDDD\5728\4e0d\540c\5c42\9762\4e0a\4f7f\7528\7684\4f8b\5b50\ff0c\6765\5e2e\52a9\5927\5bb6\5f7b\5e95\7406\89e3\8fd9\4e2a\6240\8c13\7684\201c\9ad8\5927\4e0a\201d\7684\6982\5ff5\3002', 'juejin', U&'\5927\767d\8bddDDD\ff08DDD\9ed1\8bdd\7ec8\7ed3\8005\ff09', 'https://juejin.cn/post/7184800180984610873');
INSERT INTO "PUBLIC"."MARK" VALUES(27, U&'\4e0b\9762\6c47\603b\4e86\5e38\7528\7684 30 \4e2a IDEA \4f7f\7528\5c0f\6280\5de7\ff0c\8ba9\4f60\7684\64b8\7801\6548\7387\76f4\63a5\8d77\98de...', 'wxmp', U&'IDEA \4f7f\7528\7684 30 \4e2a\5c0f\6280\5de7\ff0c\4f60\90fd\77e5\9053\5417\ff1f', 'https://mp.weixin.qq.com/s/XsBqQwZBUHfwBJBLgd2NTw');
INSERT INTO "PUBLIC"."MARK" VALUES(28, U&'"\5e94\94fe\6700\65e9\6765\6e90\4e8e\5f7c\5f97\00b7\5fb7\9c81\514b\63d0\51fa\7684""\7ecf\6d4e\94fe""\800c\540e\7ecf\7531\8fc8\514b\5c14\00b7\6ce2\7279\53d1\5c55\6210\4e3a""\4ef7\503c\94fe"""', 'zhihu', U&'\7535\5546\4f9b\5e94\94fe\57fa\672c\8ba4\77e5', 'https://zhuanlan.zhihu.com/p/25901923');
INSERT INTO "PUBLIC"."MARK" VALUES(29, U&'"\8f6f\4ef6\8bbe\8ba1\5f00\53d1\67d0\79cd\610f\4e49\4e0a\662f\201c\53d6\201d\4e0e\201c\820d\201d\7684\827a\672f\3002\5173\4e8e\6027\80fd\65b9\9762\ff0c\5c31\50cf\5efa\7b51\8bbe\8ba1\6210\6297\97079\5ea6\9700\8981\989d\5916\7684\6210\672c\4e00\6837\ff0c\9ad8\6027\80fd\8f6f\4ef6\7cfb\7edf\4e5f\610f\5473\7740\66f4\9ad8\7684\5b9e\73b0\6210\672c\ff0c\6709\65f6\5019\4e0e\5176\4ed6\8d28\91cf\5c5e\6027\751a\81f3\4f1a\51b2\7a81\ff0c\6bd4\5982\5b89\5168\6027\3001\53ef\6269\5c55\6027\3001\53ef\89c2\6d4b\6027\7b49\7b49\3002\5927\90e8\5206\65f6\5019\6211\4eec\9700\8981\7684\662f\ff1a\5728\4e1a\52a1\9047\5230\74f6\9888\4e4b\524d\ff0c\5229\7528\5e38\89c1\7684\6280\672f\624b\6bb5\5c06\7cfb\7edf\4f18\5316\5230\9884\671f\6c34\5e73\3002\6700\7ec8\65e5\6e10\6f14\53d8\4e3a""\4f9b\5e94\94fe"".\90a3\4e48\4ec0\4e48\662f""\4f9b\5e94\94fe""(SUPPLYCHAIN)\5462\ff1f\5b83\7684\5b9a\4e49\4e3a\ff1a""\56f4\7ed5\6838\5fc3\4f01\4e1a\ff0c\901a\8fc7\5bf9\4fe1\606f\6d41\ff0c\7269\6d41\ff0c\8d44\91d1\6d41\7684\63a7\5236\ff0c\4ece\91c7\8d2d\539f\6750\6599\5f00\59cb\ff0c\5236\6210\4e2d\95f4\4ea7\54c1\53ca\6700\7ec8\4ea7\54c1\ff0c\6700\540e\7531\9500\552e\7f51\7edc\628a\4ea7\54c1\9001\5230\6d88\8d39\8005\624b\4e2d\00b7\5b83\662f\5c06\4f9b\5e94\5546\ff0c\5236\9020\5546\ff0c\5206\9500\5546\ff0c\96f6\552e\5546\ff0c\76f4\5230\6700\7ec8\7528\6237\8fde\6210\4e00\4e2a\6574\4f53\7684\529f\80fd\7f51\94fe\6a21\5f0f""\3002"', 'wxmp', U&'\6027\80fd\4f18\5316\7684 10 \79cd\624b\6bb5\ff0c\4f60\7528\8fc7\51e0\4e2a\ff1f', 'https://mp.weixin.qq.com/s/t9bLveSo8rR-wIOJ6037qA');
INSERT INTO "PUBLIC"."MARK" VALUES(30, U&'\4ee3\7406\6a21\5f0f\662f\5e38\7528\7684java\8bbe\8ba1\6a21\5f0f\ff0c\4ed6\7684\7279\5f81\662f\4ee3\7406\7c7b\4e0e\59d4\6258\7c7b\6709\540c\6837\7684\63a5\53e3\ff0c\4ee3\7406\7c7b\4e3b\8981\8d1f\8d23\4e3a\59d4\6258\7c7b\9884\5904\7406\6d88\606f\3001\8fc7\6ee4\6d88\606f\3001\628a\6d88\606f\8f6c\53d1\7ed9\59d4\6258\7c7b\ff0c\4ee5\53ca\4e8b\540e\5904\7406\6d88\606f\7b49\3002\4ee3\7406\7c7b\4e0e\59d4\6258\7c7b\4e4b\95f4\901a\5e38\4f1a\5b58\5728\5173\8054\5173\7cfb\ff0c\4e00\4e2a\4ee3\7406\7c7b\7684\5bf9\8c61\4e0e\4e00\4e2a\59d4\6258\7c7b\7684\5bf9\8c61\5173\8054\ff0c\4ee3\7406\7c7b\7684\5bf9\8c61\672c\8eab\5e76\4e0d\771f\6b63\5b9e\73b0\670d\52a1\ff0c\800c\662f\901a\8fc7\8c03\7528\59d4\6258\7c7b\7684\5bf9\8c61\7684\76f8\5173\65b9\6cd5\ff0c\6765\63d0\4f9b\7279\5b9a\7684\670d\52a1\3002\7b80\5355\7684\8bf4\5c31\662f\ff0c\6211\4eec\5728\8bbf\95ee\5b9e\9645\5bf9\8c61\65f6\ff0c\662f\901a\8fc7\4ee3\7406\5bf9\8c61\6765\8bbf\95ee\7684\ff0c\4ee3\7406\6a21\5f0f\5c31\662f\5728\8bbf\95ee\5b9e\9645\5bf9\8c61\65f6\5f15\5165\4e00\5b9a\7a0b\5ea6\7684\95f4\63a5\6027\ff0c\56e0\4e3a\8fd9\79cd\95f4\63a5\6027\ff0c\53ef\4ee5\9644\52a0\591a\79cd\7528\9014\3002', 'csdn', U&'\3010Java\3011\4ee3\7406\6a21\5f0f\ff08Proxy\6a21\5f0f\ff09\8be6\89e3', 'https://blog.csdn.net/Passer_hua/article/details/122617628');

INSERT INTO "PUBLIC"."MARK" VALUES(31, U&'\5047\8bbe\73b0\5728\9879\76ee\7ecf\7406\6709\4e00\4e2a\9700\6c42\ff1a\5728\9879\76ee\73b0\6709\6240\6709\7c7b\7684\65b9\6cd5\524d\540e\6253\5370\65e5\5fd7\3002\4f60\5982\4f55\5728\4e0d\4fee\6539\5df2\6709\4ee3\7801\7684\524d\63d0\4e0b\ff0c\5b8c\6210\8fd9\4e2a\9700\6c42\ff1f', 'zhihu', U&'Java \52a8\6001\4ee3\7406\4f5c\7528\662f\4ec0\4e48\ff1f', 'https://www.zhihu.com/question/20794107/answer/658139129');
INSERT INTO "PUBLIC"."MARK" VALUES(32, U&'\4f7f\7528 ssl \8fde\63a5\65f6\ff0c\9047\5230\4e0d\4fe1\4efb\7684\8bc1\4e66\ff0c\5e94\7528\7a0b\5e8f\4e00\822c\90fd\4f1a\62d2\7edd\8fde\63a5\6d4f\89c8\7f51\7ad9\65f6\ff0c\6211\4eec\53ef\4ee5\901a\8fc7\5728\6d4f\89c8\5668\7684\8bbe\7f6e\4e2d\5bfc\5165\8bc1\4e66\ff0c\628a\8bc1\4e66\52a0\5165\5230\4fe1\4efb\5217\8868\4e2d\800c\5728 JAVA \76f4\63a5\8fdb\884c SSL \8fde\63a5\5e94\7528\65f6\ff0c\9ed8\8ba4\6ca1\6709\4e00\4e2a\754c\9762\6765\5bfc\5165\8bc1\4e66\3002JAVA \8fdb\884c\4e0d\4fe1\4efb\7684 ssl \8fde\63a5\65f6\5c31\4f1a\62a5\51fa\5f02\5e38\ff0c\6240\4ee5\6211\4eec\9700\8981\4f7f\7528keytool\5de5\5177\5728\8fd0\884c\73af\5883\4e2d\5bfc\5165\4fe1\4efb\8bc1\4e66\3002', 'csdn', U&'java\5bfc\5165\53ef\4fe1\4efb\8bc1\4e66', 'https://blog.csdn.net/weixin_44011409/article/details/106312263');
INSERT INTO "PUBLIC"."MARK" VALUES(33, U&'\4e0d\4f1a\5427\4e0d\4f1a\5427\ff0c\8fd9\4e48\591a\5e74\4f60\8fd8\5728\6015\6b63\5219\ff1f\8fd9\5c31\5bf9\4e86\ff0c\76f8\4fe1\4f60\7528\4e0d\4e86\51e0\5206\949f\770b\5b8c\672c\6587\ff0c\4ece\6b64\6b63\5219\7b97\4e2a\7403\3002', 'juejin', U&'\8fd9\4e48\591a\5e74\4f60\8fd8\5728\6015\6b63\5219\5417\ff1f', 'https://juejin.cn/post/7153800580077453326');
INSERT INTO "PUBLIC"."MARK" VALUES(34, U&'1.\7a0b\5e8f\8fd0\884c\4e00\6bb5\65f6\95f4\540e\ff0c\7a81\7136\6302\6389\7a0b\5e8f\65e5\5fd7\65e0\4efb\4f55\5f02\5e38\8bb0\5f552.\67e5\770b\7cfb\7edf\65e5\5fd7\ff08/var/log/message\ff09\4f1a\53d1\73b0\662f\88ab\7cfb\7edf\6740\6b7b', 'csdn', U&'JAVA \7a0b\5e8f\7a81\7136\6302\6389\6392\67e5\8bb0\5f55', 'https://blog.csdn.net/yangwy012210/article/details/107378079');
INSERT INTO "PUBLIC"."MARK" VALUES(35, U&'\6709\5f88\591a\9002\7528\4e8eLinux\7cfb\7edf\7684\5f00\6e90\7f51\7edc\76d1\89c6\5de5\5177\3002\6bd4\5982\8bf4\ff0c\4f60\53ef\4ee5\7528\547d\4ee4iftop\6765\68c0\67e5\5e26\5bbd\4f7f\7528\60c5\51b5\3002netstat\7528\6765\67e5\770b\63a5\53e3\7edf\8ba1\62a5\544a\ff0c\8fd8\6709top\76d1\63a7\7cfb\7edf\5f53\524d\8fd0\884c\8fdb\7a0b\3002\4f46\662f\5982\679c\4f60\60f3\8981\627e\4e00\4e2a\80fd\591f\6309\8fdb\7a0b\5b9e\65f6\7edf\8ba1\7f51\7edc\5e26\5bbd\5229\7528\7387\7684\5de5\5177\ff0c\90a3\4e48NetHogs\503c\5f97\4e00\770b\3002', 'direct', U&'NetHogs\76d1\63a7Linux\7684\6bcf\4e2a\8fdb\7a0b\6d41\91cf ', 'http://bash.lutixia.cn/c/nethogs.html#nethogs');
INSERT INTO "PUBLIC"."MARK" VALUES(36, U&'\52a8\6001\4ee3\7406\5e94\7528\975e\5e38\7684\5e7f\6cdb\ff0c\5728\5404\79cd\5f00\6e90\7684\6846\67b6\4e2d\90fd\80fd\770b\5230\4ed6\4eec\7684\8eab\5f71\ff0c\52a8\6001\4ee3\7406\4e3b\8981\6709JDK\548cCGLIB\4e24\79cd\65b9\5f0f\ff0c\4eca\5929\6765\5b66\4e60\4e0b\8fd9\4e24\79cd\65b9\5f0f\7684\5b9e\73b0\ff0c\4ee5\53ca\5b83\4eec\7684\4f18\7f3a\70b9\3002', 'wxmp', U&'Java \52a8\6001\4ee3\7406\7684\4e24\79cd\65b9\5f0f\53ca\5176\4f18\7f3a\70b9', 'https://mp.weixin.qq.com/s/kgB03P7Ocqj8EUTv55-zNw');
INSERT INTO "PUBLIC"."MARK" VALUES(37, U&'\4e0b\9762\7684\4ecb\7ecd\5747\662f\5728\9009\7528MySQL\6570\636e\5e93\548cInnodb\5f15\64ce\7684\57fa\7840\5f00\5c55\3002\6211\4eec\5148\6765\5b66\4e60\7d22\5f15\7684\51e0\4e2a\6982\5ff5\ff0c\5e2e\52a9\6211\4eec\7406\89e3\5ef6\8fdf\5173\8054\4f18\5316\7684\52a0\5feb\5206\9875\67e5\8be2\901f\5ea6\7684\539f\56e0\3002', 'cnblogs', U&'MySQL\5206\9875\5ef6\8fdf\5173\8054\67e5\8be2', 'https://www.cnblogs.com/pufeng/p/11750495.html');
INSERT INTO "PUBLIC"."MARK" VALUES(38, U&'\5e73\53f0\7ecf\8fc7\591a\5e74\53cc11\8003\9a8c\7684\6280\672f\67b6\6784\7ecf\9a8c\5411\6240\6709\7684\751f\6001\4f19\4f34\8f93\51fa\ff0c\5e73\53f0\9f13\52b1\5f00\653e\5e73\53f0\6240\6709\5e94\7528\5f00\53d1\8005\4f9d\636e\6b64\89c4\8303\8fdb\884c\5e94\7528\67b6\6784\8bbe\8ba1\548c\4f18\5316\ff0c\4ece\800c\63a8\52a8\6574\4e2a\751f\6001\4f53\7cfb\66f4\52a0\5065\5eb7\5730\53d1\5c55\3002', 'direct', U&'\6dd8\5b9d\5f00\653e\5e73\53f0\5e94\7528\6280\672f\89c4\8303', 'https://open.taobao.com/doc.htm?docId=109298&docType=1');

INSERT INTO "PUBLIC"."MARK" VALUES(39, U&'\201cCannot assign requested address.\201d\662f\7531\4e8elinux\5206\914d\7684\5ba2\6237\7aef\8fde\63a5\7aef\53e3\7528\5c3d\ff0c\65e0\6cd5\5efa\7acbsocket\8fde\63a5\6240\81f4\ff0c\867d\7136socket\6b63\5e38\5173\95ed\ff0c\4f46\662f\7aef\53e3\4e0d\662f\7acb\5373\91ca\653e\ff0c\800c\662f\5904\4e8eTIME_WAIT\72b6\6001\ff0c\9ed8\8ba4\7b49\5f8560s\540e\624d\91ca\653e\3002', 'cnblogs', U&'\7406\89e3\548c\5904\7406Cannot assign requested address\9519\8bef', 'https://www.cnblogs.com/thatsit/p/cannot-assign-requested-address.html');
INSERT INTO "PUBLIC"."MARK" VALUES(40, U&'ByteMD\662f\4f7f\7528Svelte\6784\5efa\7684\6807\8bb0\7f16\8f91\5668\7ec4\4ef6\3002\5b83\4e5f\53ef\4ee5\7528\4e8e\5176\4ed6\5e93/\6846\67b6\ff0c\5982 React\3001Vue \548c Angular\3002', 'opensource', U&'ByteMD\5f00\6e90\7f16\8f91\5668', 'https://github.com/bytedance/bytemd');
INSERT INTO "PUBLIC"."MARK" VALUES(41, U&'\8fd1\65e5 Hacker News \4e0a\6709\4e00\5219\5e16\5b50\70ed\5ea6\975e\5e38\9ad8\ff0c\5176\4e3b\9898\662f\ff1a\6211\63a5\624b\4e86\4e00\4efd\6781\5176\7cdf\7cd5\7684\4ee3\7801\548c\4e00\652f\6280\672f\56e2\961f\ff0c\63a5\4e0b\6765\8be5\600e\4e48\529e\ff1f', 'wxmp', U&'\63a5\624b\4e86\4e00\5ea7\5e74\6536\5165 2000 \4e07\7f8e\5143\7684\201c\5c4e\5c71\201d\ff0c\6211\5230\5e95\8be5\91cd\5199\8fd8\662f\8df3\69fd\ff1f', 'https://mp.weixin.qq.com/s/q7tRnbnHVr3mM951ayny7A');
INSERT INTO "PUBLIC"."MARK" VALUES(42, U&'Redis\7ed3\5408\5176\6709\5e8f\961f\5217zset\4ee5\53cageohash\7f16\7801\ff0c\5b9e\73b0\4e86\7a7a\95f4\641c\7d22\529f\80fd\ff0c\4e14\62e5\6709\6781\9ad8\7684\8fd0\884c\6548\7387\3002', 'wxmp', U&'\7b80\5355\51e0\6b65\ff0c\5b9e\73b0 Redis \67e5\8be2 \201c\9644\8fd1\7684\4eba\201d', 'https://mp.weixin.qq.com/s/1DzUZ7UskewntdygOksz5A');
INSERT INTO "PUBLIC"."MARK" VALUES(43, U&'\5728\4e0b\9762\7684\901f\67e5\8868\4e2d\ff0c\6211\5c06\4e3a\4f60\63d0\4f9b\6784\5efa\751f\4ea7\7ea7 Java \5bb9\5668\7684\6700\4f73\5b9e\8df5\ff0c\65e8\5728\4f18\5316\548c\4fdd\62a4\8981\6295\5165\751f\4ea7\73af\5883\4e2d\7684 Docker \955c\50cf\3002', 'wxmp', U&'\6784\5efa Java \955c\50cf\7684 10 \4e2a\6700\4f73\5b9e\8df5', 'https://mp.weixin.qq.com/s/u4bsD_xgQ72BdcKNyU3xmw');
INSERT INTO "PUBLIC"."MARK" VALUES(44, '', 'cnblogs', U&'\5206\5e03\5f0f\548c\5fae\670d\52a1\7684\533a\522b', 'https://www.cnblogs.com/wq-9/p/15183778.html');
INSERT INTO "PUBLIC"."MARK" VALUES(45, '', 'cnblogs', U&'\8e29\5751\4e86\ff010\4f5c\4e3a\9664\6570\ff0c\4e0d\4e00\5b9a\4f1a\629b\51fa\5f02\5e38\ff01', 'https://www.cnblogs.com/thisiswhy/p/16635585.html');
INSERT INTO "PUBLIC"."MARK" VALUES(46, '', 'wxmp', U&'\4ece JDK 8 \5230 JDK 18\ff0cJava \5783\573e\56de\6536\7684\5341\6b21\8fdb\5316', 'https://mp.weixin.qq.com/s/0IqNbhcmnOKrNe0gIK7qlQ');
INSERT INTO "PUBLIC"."MARK" VALUES(47, '', 'wxmp', U&'Redis\4e3a\4ec0\4e48\8fd9\4e48\5feb\ff1f', 'https://mp.weixin.qq.com/s/eSWnwgOF8urqONIbtvxs_Q');
INSERT INTO "PUBLIC"."MARK" VALUES(48, '', 'wxmp', U&'\4ea7\54c1\592a\591a\4e86\ff0c\5982\4f55\5b9e\73b0\4e00\6b21\767b\5f55\591a\4ea7\54c1\4e92\901a\ff1f', 'https://mp.weixin.qq.com/s/TBVtYPrbLMJyaUulLSVx9g');
INSERT INTO "PUBLIC"."MARK" VALUES(49, '', 'wxmp', U&'\4f7f\7528 DataX \5b9e\73b0 MySQL \6570\636e\7684\9ad8\6548\540c\6b65', 'https://mp.weixin.qq.com/s/8lhWKhMk5uczQzudUEt-Xg');
INSERT INTO "PUBLIC"."MARK" VALUES(50, '', 'wxmp', U&'\5b66\4f1a Arthas\ff0c\8ba9\4f60 3 \5e74\7ecf\9a8c\638c\63e1 5 \5e74\529f\529b\ff01', 'https://mp.weixin.qq.com/s/3lJb4vs3pnlyJoVSrl8BhQ');
INSERT INTO "PUBLIC"."MARK" VALUES(51, '', 'wxmp', U&'Redis \5982\4f55\5b9e\73b0\5e93\5b58\6263\51cf\64cd\4f5c\ff1f', 'https://mp.weixin.qq.com/s/DCP76xENsGzJF7mo1U8tCQ');
INSERT INTO "PUBLIC"."MARK" VALUES(52, '', 'wxmp', U&'HTTP\534f\8bae\4e00\77e5\534a\89e3\ff1f\8fd9\7bc7\5e2e\4f60\5168\9762\4e86\89e3\ff01', 'https://mp.weixin.qq.com/s/Rh5BMzZxIYKsHzt-hliKMw');
INSERT INTO "PUBLIC"."MARK" VALUES(53, '', 'wxmp', U&'\5982\4f55\4f18\96c5\7684\5199 Controller \5c42\4ee3\7801\ff1f', 'https://mp.weixin.qq.com/s/eZS9dQ8I2FWEP6ykeDAHUg');
INSERT INTO "PUBLIC"."MARK" VALUES(54, '', 'oschina', U&'3000 \5e27\52a8\753b\56fe\89e3 MySQL \4e3a\4ec0\4e48\9700\8981 binlog\3001redo log \548c undo log', 'https://my.oschina.net/u/4893843/blog/5533822');
INSERT INTO "PUBLIC"."MARK" VALUES(55, '', 'csdn', U&'\8c08\4e0b\65b0\624b\7a0b\5e8f\5458\600e\6837\5199\597d\590d\6742\4e1a\52a1\4ee3\7801', 'https://blog.csdn.net/icai888/article/details/106159861');
INSERT INTO "PUBLIC"."MARK" VALUES(56, '', 'wxmp', U&'int(1) \548c int(10) \6709\4ec0\4e48\533a\522b\ff1f', 'https://mp.weixin.qq.com/s/7lhleHM74xQyQ--xZZfyMg');
INSERT INTO "PUBLIC"."MARK" VALUES(57, '', 'direct', U&'\8bba\5fae\670d\52a1\67b6\6784\7684\6838\5fc3\6982\5ff5', 'https://github.com/JoeCao/JoeCao.github.io/issues/3');

INSERT INTO "PUBLIC"."MARK" VALUES(58, '', 'csdn', U&'\7528\5206\5e03\5f0f\9501\6765\9632\6b62\5e93\5b58\8d85\5356\ff0c\4f46\662f\662f\6bcf\79d2\4e0a\5343\8ba2\5355\7684\9ad8\5e76\53d1\573a\666f\ff0c\5982\4f55\5bf9\5206\5e03\5f0f\9501\8fdb\884c\9ad8\5e76\53d1\4f18\5316\6765\5e94\5bf9\8fd9\4e2a\573a\666f\ff1f', 'https://blog.csdn.net/u010391342/article/details/84372342');
INSERT INTO "PUBLIC"."MARK" VALUES(59, '', 'wxmp', U&'Linux\4e2d\51e0\4e2a\4f60\4e0d\5e38\7528\ff0c\4f46\5374\5f88\6709\7528\7684\547d\4ee4', 'https://mp.weixin.qq.com/s/Ic8ltNlEpteFdnnwPSc5kQ');
INSERT INTO "PUBLIC"."MARK" VALUES(60, '', 'wxmp', U&'\9762\8bd5\5b98\ff1aString\957f\5ea6\6709\9650\5236\5417\ff1f\662f\591a\5c11\ff1f', 'https://mp.weixin.qq.com/s/Z4sxQ_Bc3uudAX0ugI3ujw');
INSERT INTO "PUBLIC"."MARK" VALUES(61, '', 'direct', U&'\63d0\95ee\7684\827a\672f', 'http://spring4all.com/forum-post/694');
INSERT INTO "PUBLIC"."MARK" VALUES(62, '', 'jianshu', 'ssh StrictHostKeyChecking', 'https://www.jianshu.com/p/ebcf41c75786');
INSERT INTO "PUBLIC"."MARK" VALUES(63, '', 'opensource', U&'Vditor \4e00\6b3e\6d4f\89c8\5668\7aef\7684 Markdown \7f16\8f91\5668\ff0c\652f\6301\6240\89c1\5373\6240\5f97\ff08\5bcc\6587\672c\ff09\3001\5373\65f6\6e32\67d3\ff08\7c7b\4f3c Typora\ff09\548c\5206\5c4f\9884\89c8\6a21\5f0f', 'https://ld246.com/article/1549638745630');
INSERT INTO "PUBLIC"."MARK" VALUES(64, '', 'direct', U&'Socket \7c98\5305\548c\5206\5305\95ee\9898', 'https://www.apifox.cn/help/reference/socket-stick/');
INSERT INTO "PUBLIC"."MARK" VALUES(65, '', 'cnblogs', U&'Spring\7684@ControllerAdvice\6ce8\89e3', 'https://www.cnblogs.com/yanggb/p/10859907.html');
INSERT INTO "PUBLIC"."MARK" VALUES(66, '', 'wxmp', U&'Spring Boot + Redis \641e\5b9a\641c\7d22\680f\70ed\641c\3001\4e0d\96c5\6587\5b57\8fc7\6ee4\529f\80fd', 'https://mp.weixin.qq.com/s/ibb3tgJ-Dzu4QXMpH44fbA');
INSERT INTO "PUBLIC"."MARK" VALUES(67, '', 'wxmp', U&'IntelliJ IDEA \5361\6210\7403\4e86\ff1f', 'https://mp.weixin.qq.com/s/p2kMAelK43k_u0lygBmTKg');
INSERT INTO "PUBLIC"."MARK" VALUES(68, '', 'wxmp', U&'\79d2\61c2 23 \79cd\8bbe\8ba1\6a21\5f0f\ff01\6709\70b9\6c61\ff0c\4f46\771f\5f97\79d2\554a...', 'https://mp.weixin.qq.com/s/U3LWho3pGw6PdLdsO51kjg');
INSERT INTO "PUBLIC"."MARK" VALUES(69, '', 'jianshu', U&'MongoDB 4.x \7684\6743\9650\7ba1\7406\8bf4\660e', 'https://www.jianshu.com/p/e95c22c4ed43');
INSERT INTO "PUBLIC"."MARK" VALUES(70, '', 'cnblogs', U&'\5224\65ad\65f6\95f4\662f\5426\6709\91cd\53e0', 'https://www.cnblogs.com/luyuqiang/p/14990941.html');
INSERT INTO "PUBLIC"."MARK" VALUES(71, '', 'wxmp', U&'SQL\4f18\5316\4e07\80fd\516c\5f0f\ff1a5 \5927\6b65\9aa4 + 10 \4e2a\6848\4f8b', 'https://mp.weixin.qq.com/s/YAu_DG1YN_7pEizlZCqhew');
INSERT INTO "PUBLIC"."MARK" VALUES(72, '', 'jianshu', U&'Spring OAuth2 \5f00\53d1\6307\5357\ff08\4e00\ff09\ff1a\4f53\7cfb\67b6\6784\548c\5f00\53d1\6982\89c8', 'https://www.jianshu.com/p/45f6d4d0574a');
INSERT INTO "PUBLIC"."MARK" VALUES(73, '', 'cnblogs', U&'RabbitMQ \5982\4f55\4fdd\8bc1\6d88\606f\4e0d\4e22\5931\ff1f', 'https://www.cnblogs.com/cnndevelop/p/12091348.html');
INSERT INTO "PUBLIC"."MARK" VALUES(74, '', 'cnblogs', U&'git-stash\7528\6cd5\5c0f\7ed3', 'https://www.cnblogs.com/tocy/p/git-stash-reference.html');
INSERT INTO "PUBLIC"."MARK" VALUES(75, '', 'wxmp', U&'\51e0\79cd\5e38\89c1\7684JVM\8c03\4f18\573a\666f\ff08\5efa\8bae\6536\85cf\ff09', 'https://mp.weixin.qq.com/s/35uO5VQnDZGVZXWnaUbaqg');
INSERT INTO "PUBLIC"."MARK" VALUES(76, '', 'wxmp', U&'\751f\6210\8ba2\535530\5206\949f\672a\652f\4ed8\ff0c\5219\81ea\52a8\53d6\6d88\ff0c\8be5\600e\4e48\5b9e\73b0\ff1f', 'https://mp.weixin.qq.com/s/QOQhsXWQDqXsWngQUGOk5w');
INSERT INTO "PUBLIC"."MARK" VALUES(77, '', 'wxmp', U&'\4e00\6587\6559\4f1a\4f60\9886\57df\5efa\6a21', 'https://mp.weixin.qq.com/s/3x4fK7rtA2US9fxoKpoAiA');
INSERT INTO "PUBLIC"."MARK" VALUES(78, '', 'wxmp', U&'Spring MVC\4e2d\5904\7406Request\548cResponse\7684\7b56\7565', 'https://mp.weixin.qq.com/s/DQEI0ZTrJuVjjONOzmnLYg');
INSERT INTO "PUBLIC"."MARK" VALUES(79, '', 'wxmp', U&'\4f5c\4e3a\6280\672f\8d1f\8d23\4eba\ff0c\5982\4f55\4ece0\642d\5efa\516c\53f8\540e\7aef\6280\672f\6808', 'https://mp.weixin.qq.com/s/v8E4FKu6fIhXb1v_WtlYZw');
INSERT INTO "PUBLIC"."MARK" VALUES(80, '', 'direct', U&'Java\4f4d\8fd0\7b97\7b26\ff1aJava\79fb\4f4d\8fd0\7b97\7b26\3001\590d\5408\4f4d\8d4b\503c\8fd0\7b97\7b26\53ca\4f4d\903b\8f91\8fd0\7b97\7b26', 'http://c.biancheng.net/view/784.html');
INSERT INTO "PUBLIC"."MARK" VALUES(81, '', 'wxmp', U&'SQL \4f18\5316\6781\7b80\6cd5\5219\ff0c\8fd8\6709\8c01\4e0d\4f1a\ff1f', 'https://mp.weixin.qq.com/s/NS2trUx9nVN5gNquVVbruw');
INSERT INTO "PUBLIC"."MARK" VALUES(82, '', 'wxmp', U&'\5e76\53d1\6a21\62df\7684\56db\79cd\65b9\5f0f + \5de5\5177\ff0c\8d85\7ea7\5b9e\7528\ff01', 'https://mp.weixin.qq.com/s/B5Kx6fKAj_B78mLPMaFZtw');
INSERT INTO "PUBLIC"."MARK" VALUES(83, '', 'csdn', U&'Redis \5b9e\73b0\9650\6d41\7684\4e09\79cd\65b9\5f0f', 'https://blog.csdn.net/lmx125254/article/details/90700118');

INSERT INTO "PUBLIC"."MARK" VALUES(84, '', 'csdn', U&'MySQL\6162\67e5\8be2\ff0c\4e00\53e3\4ece\5929\800c\964d\7684\9505\ff01', 'https://blog.csdn.net/qq_39390545/article/details/116139445');
INSERT INTO "PUBLIC"."MARK" VALUES(85, '', 'wxmp', U&'\5999\7528Java 8\4e2d\7684 Function\63a5\53e3 \6d88\706dif...else\ff08\975e\5e38\65b0\9896\7684\5199\6cd5\ff09', 'https://mp.weixin.qq.com/s/5FmD0PtPsQFPiImMiLC_eg');
INSERT INTO "PUBLIC"."MARK" VALUES(86, '', 'cnblogs', U&'MySQL\5b58\50a8\5f15\64ce', 'https://www.cnblogs.com/birdy-silhouette/p/15066260.html');
INSERT INTO "PUBLIC"."MARK" VALUES(87, '', 'csdn', U&'\8be6\7ec6\4ecb\7ecdmysql\7d22\5f15\7c7b\578b\ff1aFULLTEXT\3001NORMAL\3001SPATIAL\3001UNIQUE', 'https://blog.csdn.net/guo_qiangqiang/article/details/88794971');
INSERT INTO "PUBLIC"."MARK" VALUES(88, '', 'wxmp', U&'Spring Boot 2.6\4e4b\540e\ff0c\52a8\6001\6743\9650\63a7\5236\7ec8\4e8e\53ef\4ee5\7528\8d77\6765\4e86\ff01', 'https://mp.weixin.qq.com/s/Tki0SWTq37EYXVNtlgYszQ');
INSERT INTO "PUBLIC"."MARK" VALUES(89, '', 'wxmp', U&'\84dd\7eff\90e8\7f72\3001\91d1\4e1d\96c0\53d1\5e03\ff08\7070\5ea6\53d1\5e03\ff09\3001AB\6d4b\8bd5\90fd\662f\5565\ff1f', 'https://mp.weixin.qq.com/s/3ux2NTgtnXG34NjT2HNW-A');
INSERT INTO "PUBLIC"."MARK" VALUES(90, '', 'zhihu', U&'BBC\51cf\80a5\5341\5f8b', 'https://zhuanlan.zhihu.com/p/412545357');
INSERT INTO "PUBLIC"."MARK" VALUES(91, '', 'zhihu', U&'\82f1\8bed\96f6\57fa\7840\ff0c\6709\4ec0\4e48\81ea\5b66\65b9\6cd5\ff1f', 'https://www.zhihu.com/question/36449108/answer/756802719');
INSERT INTO "PUBLIC"."MARK" VALUES(92, '', 'csdn', U&'LocalDateTime LocalDate Instant Long \76f8\4e92\8f6c\6362', 'https://blog.csdn.net/qq_19266669/article/details/106743102');
INSERT INTO "PUBLIC"."MARK" VALUES(93, '', 'wxmp', U&'\4e3a\4ec0\4e48IDEA\4e0d\63a8\8350\4f60\4f7f\7528@Autowired \ff1f', 'https://mp.weixin.qq.com/s/Nu25_5mMtD8nboPj8m7lyA');
INSERT INTO "PUBLIC"."MARK" VALUES(94, '', 'wxmp', U&'\88ab\6556\4e19\7528\70c2\7684\300c\6570\636e\5e93\8c03\4f18\300d\8fde\62db\ff1f\771f\9999\ff0c\6de6\ff01', 'https://mp.weixin.qq.com/s?__biz=MzAwNDA2OTM1Ng==&mid=2453143331&idx=1&sn=e387e1b1beb4cd516ee2d67ce934115e&scene=21#wechat_redirect');
INSERT INTO "PUBLIC"."MARK" VALUES(95, '', 'cnblogs', U&'5\5206\949f\8ba9\4f60\638c\63e1Vuex\ff0c\6df1\5165\6d45\51fa', 'https://www.cnblogs.com/maoqian/p/15428820.html');
INSERT INTO "PUBLIC"."MARK" VALUES(96, '', 'csdn', U&'BigDecimal\64cd\4f5c', 'https://blog.csdn.net/javaNiuLei12/article/details/54091258');
INSERT INTO "PUBLIC"."MARK" VALUES(97, '', 'cnblogs', U&'MySQL Explain\8be6\89e3', 'https://www.cnblogs.com/tufujie/p/9413852.html');
INSERT INTO "PUBLIC"."MARK" VALUES(98, '', 'cnblogs', U&'AOP\9762\8bd5\9020\706b\7bad\59cb\672b', 'https://www.cnblogs.com/xiekun/p/14471595.html');
INSERT INTO "PUBLIC"."MARK" VALUES(99, '', 'csdn', U&'Ubuntu20.04 apt\65b9\5f0f\5b89\88c5MySQL', 'https://blog.csdn.net/lianghecai52171314/article/details/113807099');
INSERT INTO "PUBLIC"."MARK" VALUES(100, '', 'cnblogs', U&'2020\5e74\6700\65b078\9053JVM\9762\8bd5\9898\603b\7ed3\ff08\542b\7b54\6848\89e3\6790\548c\601d\7ef4\5bfc\56fe\ff09', 'https://www.cnblogs.com/zhuifeng523/p/13172080.html');
INSERT INTO "PUBLIC"."MARK" VALUES(101, '', 'cnblogs', U&'java\591a\7ebf\7a0b\9ad8\5e76\53d1', 'https://www.cnblogs.com/sx66/p/12623437.html');
INSERT INTO "PUBLIC"."MARK" VALUES(102, '', 'jianshu', U&'Java\ff1aCAS(\4e50\89c2\9501)', 'https://www.jianshu.com/p/ae25eb3cfb5d');
INSERT INTO "PUBLIC"."MARK" VALUES(103, '', 'cnblogs', U&'\5728Git\7684PR(Pull Request)\63d0\793a\51b2\7a81\65e0\6cd5merge\5408\5e76\7684\89e3\51b3\65b9\6848', 'https://www.cnblogs.com/xxcanghai/p/12160556.html');
INSERT INTO "PUBLIC"."MARK" VALUES(104, '', 'cnblogs', U&'Dubbo \4e0e Spring Cloud \5b8c\7f8e\7ed3\5408', 'https://www.cnblogs.com/babycomeon/p/11546737.html');
INSERT INTO "PUBLIC"."MARK" VALUES(105, '', 'cnblogs', U&'\624b\6478\624b\6559\4f60\5fae\670d\52a1\7684\6027\80fd\76d1\63a7\3001\538b\6d4b\548c\8c03\4f18', 'https://www.cnblogs.com/jackson0714/p/performance.html');
INSERT INTO "PUBLIC"."MARK" VALUES(106, '', 'wxmp', U&'\522b\518d\6050\60e7 IP \534f\8bae', 'https://mp.weixin.qq.com/s/NO9RDt1A3T1rz-Q4_Y0gPw');
INSERT INTO "PUBLIC"."MARK" VALUES(107, '', 'wxmp', U&'\5173\4e8e TCP \4e09\6b21\63e1\624b\548c\56db\6b21\6325\624b\ff0c\6ee1\5206\56de\7b54\5728\6b64', 'https://mp.weixin.qq.com/s/u56NcMs68sgi6uDpzJ61yw');
INSERT INTO "PUBLIC"."MARK" VALUES(108, '', 'cnblogs', U&'\7ecf\5178\9762\8bd5\9898\ff1a\5728\6d4f\89c8\5668\5730\5740\680f\8f93\5165\4e00\4e2a URL \540e\56de\8f66\ff0c\80cc\540e\53d1\751f\4e86\4ec0\4e48', 'https://www.cnblogs.com/cswiki/p/14429730.html');
INSERT INTO "PUBLIC"."MARK" VALUES(109, '', 'direct', U&'\7b97\6cd5\6267\884c\8fc7\7a0b\53ef\89c6\5316\7f51\7ad9', 'https://www.cs.usfca.edu/~galles/visualization/Algorithms.html');
INSERT INTO "PUBLIC"."MARK" VALUES(110, '', 'cnblogs', U&'\3010Gradle\6559\7a0b\3011Gradle \57fa\7840\5165\95e8', 'https://www.cnblogs.com/hellxz/p/helloworld-gradle.html');

INSERT INTO "PUBLIC"."MARK" VALUES(111, '', 'wxmp', U&'\804a\804a\8ba2\5355\7cfb\7edf\7684\8bbe\8ba1\ff1f', 'https://mp.weixin.qq.com/s/k8EXOaqjNIvWMgNzI4fJ3g');
INSERT INTO "PUBLIC"."MARK" VALUES(112, '', 'wxmp', U&'\6b66\6c49\6709\54ea\4e9b\4e0d\9519\7684\4e92\8054\7f51\516c\53f8\ff1f', 'https://mp.weixin.qq.com/s/fhMkMMqTrAe-8Af6Jk4XAg');
INSERT INTO "PUBLIC"."MARK" VALUES(113, '', 'wxmp', U&'\963f\91cc\6280\672f\4eba\770b\4ec0\4e48\4e66\ff1f\8fd9\4e2a\6625\8282\548c\4f60\5171\4eab\4e66\5355\ff01', 'https://mp.weixin.qq.com/s/mDLZ7luWknk7TvQIQjZbBg');
INSERT INTO "PUBLIC"."MARK" VALUES(114, '', 'wxmp', U&'Spring\4e2d\6d89\53ca\7684\8bbe\8ba1\6a21\5f0f\603b\7ed3', 'https://mp.weixin.qq.com/s/m1V_FtlwP4cttcqy7sILMw');
INSERT INTO "PUBLIC"."MARK" VALUES(115, '', 'wxmp', U&'\4e03\6b65\5236\4f5c\7cbe\7b80\955c\50cf', 'https://mp.weixin.qq.com/s/cSWHvIntrebJHzC53SM2lg');
INSERT INTO "PUBLIC"."MARK" VALUES(116, '', 'wxmp', U&'\8bfb\61c2Redis\6e90\7801\ff0c\6211\603b\7ed3\4e86\8fd97\70b9\5fc3\5f97', 'https://mp.weixin.qq.com/s/h-OEbiUUmKvUZqxmjfmgtg');
INSERT INTO "PUBLIC"."MARK" VALUES(117, '', 'wxmp', U&'\4e00\6587\5e26\4f60\5165\95e8 JMeter \6027\80fd\6d4b\8bd5\ff01', 'https://mp.weixin.qq.com/s/RczbJW_1gX_0s1fNs4K1dw');
INSERT INTO "PUBLIC"."MARK" VALUES(118, U&'\2f24\591a\6570\60c5\51b5\4e0b\ff0c\2f83\52a8\914d\7f6e\7684 Bean \6ee1\2f9c\4e86\73b0\6709\7684\4e1a\52a1\573a\666f\ff0c\4e0d\9700\8981\53bb\8986\76d6\3002\4f46\5982\679c\2f83\52a8\914d\7f6e\505a\7684\4e0d\591f\597d\ff0c\9700\8981\8986\76d6\914d\7f6e\3002\2f50\5982\901a\8fc7\547d\4ee4\2f8f\52a8\6001\6307\5b9a\67d0\4e2a jar \ff0c\6309\4e0d\540c\73af\5883\542f\52a8\3002\90a3\600e\4e48\529e\ff1f\8fd9\2fa5\5148\8981\8003\8651\5230\914d\7f6e\7684\4f18\5148\7ea7\3002', 'juejin', U&'Spring Boot\7684\81ea\52a8\914d\7f6e\4e0e\914d\7f6e\7684\4f18\5148\7ea7', 'https://juejin.cn/post/6977231724035981348');
INSERT INTO "PUBLIC"."MARK" VALUES(119, U&'Git \4f5c\4e3a\73b0\5728\6700\6d41\884c\7684\7248\672c\7ba1\7406\5de5\5177\ff0c\60f3\5fc5\5927\5bb6\5728\5f00\53d1\8fc7\7a0b\4e2d\90fd\4f1a\4f7f\7528\3002\7531\4e8e Git \4e2d\5f88\591a\64cd\4f5c\9ed8\8ba4\662f\91c7\7528 Merge \8fdb\884c\7684\ff0c\5e76\4e14\76f8\5bf9\4e5f\4e0d\5bb9\6613\51fa\9519\ff0c\6240\4ee5\5f88\591a\4eba\90fd\4f1a\4f7f\7528 Merge \6765\8fdb\884c\5408\5e76\4ee3\7801\3002\4f46Rebase \4f5c\4e3a Git \4e2d\4e3b\8981\547d\4ee4\4e4b\4e00\ff0c\6211\4eec\8fd8\662f\6709\5fc5\8981\4e86\89e3\4e00\4e0b\ff0c\5728\9002\5408\7684\573a\666f\4e2d\8fdb\884c\4f7f\7528\3002', 'juejin', U&'\653e\5f03\4f7f\7528Merge\ff0c\5f00\5fc3\62e5\62b1Rebase\ff01', 'https://juejin.cn/post/7273018561962377216');
INSERT INTO "PUBLIC"."MARK" VALUES(120, U&'\6628\665a\7761\89c9\524d\ff0c\987a\624b\64b8\4e86\51e0\4e2a\7fa4\804a\7684\804a\5929\8bb0\5f55\3002\53d1\73b0\4e00\4e2a\5f88\6709\610f\601d\7684\540d\8bcd\201c\5206\5e03\5f0f\5355\4f53\201d\ff0c\987a\85e4\6478\74dc\770b\4e86\4e00\4e0b\4e4b\524d\7684\804a\5929\8bb0\5f55\ff0c\7531\4e8e\5185\5bb9\9a82\9a82\54a7\54a7\ff0c\6211\5c31\4e0d\8d34\51fa\6765\4e86\3002\5927\81f4\5185\5bb9\5c31\662f\67d0\516c\53f8\5728\505a\5fae\670d\52a1\6539\9020\ff0c\4f46\6539\7684\4e0d\4f26\4e0d\7c7b\ff0c\5f62\5f0f\4e0a\50cf\5fae\670d\52a1\ff0c\800c\672c\8d28\4e0a\4f9d\7136\662f\5355\4f53\ff0c\751a\81f3\8fde\5355\4f53\90fd\4e0d\5982\3002', 'wxmp', U&'\4f60\4ee5\4e3a\5728\505a\7684\662f\5fae\670d\52a1\ff1f\5176\5b9e\4f60\53ea\662f\5728\505a\5206\5e03\5f0f\5355\4f53\ff01', 'https://mp.weixin.qq.com/s/7MtRdLwryaoiUAp33wOy-A');
INSERT INTO "PUBLIC"."MARK" VALUES(151, U&'\76ee\524d\4ec5QQ\8d26\53f7\53ef\7528', 'direct', U&'QQ\97f3\4e50\4ed8\8d39\5305', 'https://pay.qq.com/midas/minipay_v2/views/minipay/month.shtml?sandbox=0&appid=1450008189&session_id=uin&session_type=skey');
INSERT INTO "PUBLIC"."MARK" VALUES(183, U&'\6211\4eec\5f00\53d1\5b8c\9700\6c42\ff0c\63d0\6d4b\524d\ff0c\4e00\822c\90fd\9700\8981\4ee3\7801\8bc4\5ba1\3002\5c0f\4f19\4f34\4eec\ff0c\4f60\4eec\77e5\9053\4ee3\7801\8bc4\5ba1\ff0c\4e00\822c\90fd\6709\54ea\4e9b\519b\89c4\561b\ff1f\4eca\5929\7530\87ba\54e5\7ed9\4f60\5e26\6765\4ee3\7801\8bc4\5ba1\768418\4e2a\519b\89c4\3002', 'juejin', U&'\4ee3\7801\8bc4\5ba1\768418\4e2a\519b\89c4\ff0c\6536\85cf\597d\ff01', 'https://juejin.cn/post/7228977496515379258');
INSERT INTO "PUBLIC"."MARK" VALUES(184, U&'\65e5\5e38\5f00\53d1\4e2d\ff0c\7ecf\5e38\4f1a\78b0\5230\79d2\6740\62a2\8d2d\7b49\4e1a\52a1\3002\4e3a\4e86\907f\514d\5e76\53d1\8bf7\6c42\9020\6210\7684\5e93\5b58\8d85\5356\7b49\95ee\9898\ff0c\6211\4eec\4e00\822c\4f1a\7528\5230Redis\5206\5e03\5f0f\9501\3002\4f46\662f\4f7f\7528Redis\5206\5e03\5f0f\9501\ff0c\5f88\5bb9\6613\8e29\5751\54e6~ \672c\6587\7530\87ba\54e5\5c06\7ed9\5927\5bb6\5206\6790\9610\8ff0\ff0cRedis\5206\5e03\5f0f\9501\768410\4e2a\5751~', 'wxmp', U&'Redis\5206\5e03\5f0f\9501\768410\4e2a\5751', 'https://mp.weixin.qq.com/s?__biz=MzkyMzU5Mzk1NQ==&mid=2247506704&idx=1&sn=e0498e9371cb68078f8a5a7e8cfb251f&source=41#wechat_redirect');

INSERT INTO "PUBLIC"."MARK" VALUES(185, U&'Java\5f02\5e38\5904\7406\7684\5341\4e2a\5efa\8bae\ff0c\5e0c\671b\5bf9\5927\5bb6\6709\5e2e\52a9~', 'wxmp', U&'Java \5f02\5e38\5904\7406\7684\5341\4e2a\5efa\8bae', 'https://mp.weixin.qq.com/s?__biz=MzkyMzU5Mzk1NQ==&mid=2247505915&idx=1&sn=15c5724ddfc68d850fd14bb9b0a334e0&source=41#wechat_redirect');
INSERT INTO "PUBLIC"."MARK" VALUES(186, U&'\4f17\6240\5468\77e5\ff0cRedis\5728\5185\5b58\5e93\6570\636e\5e93\9886\57df\975e\5e38\5730\706b\70ed\ff0c\5b83\6781\9ad8\7684\6027\80fd\548c\4e30\5bcc\7684\6570\636e\7ed3\6784\4e3a\6211\4eec\7684\5f00\53d1\63d0\4f9b\4e86\6781\5927\7684\4fbf\5229\3002\4f46\6211\4eec\4e5f\542c\8bf4\4e86\ff0cRedis\662f\5355\7ebf\7a0b\7684\ff0c\4e3a\4ec0\4e48\91c7\7528\5355\7ebf\7a0b\7684Redis\4e5f\4f1a\5982\6b64\4e4b\5feb\5462\ff1f\8fd9\7bc7\6587\7ae0\6211\4eec\6765\5206\6790\4e00\4e0b\5176\4e2d\7684\7f18\7531\3002', 'direct', U&'\4e3a\4ec0\4e48Redis\5355\7ebf\7a0b\8fd8\8fd9\4e48\5feb\ff1f', 'http://kaito-kidd.com/2020/06/28/why-redis-so-fast/');
INSERT INTO "PUBLIC"."MARK" VALUES(1724711884231421953, U&'EasyExcel\662f\4e00\4e2a\57fa\4e8eJava\7684\3001\5feb\901f\3001\7b80\6d01\3001\89e3\51b3\5927\6587\4ef6\5185\5b58\6ea2\51fa\7684Excel\5904\7406\5de5\5177\3002\4ed6\80fd\8ba9\4f60\5728\4e0d\7528\8003\8651\6027\80fd\3001\5185\5b58\7684\7b49\56e0\7d20\7684\60c5\51b5\4e0b\ff0c\5feb\901f\5b8c\6210Excel\7684\8bfb\3001\5199\7b49\529f\80fd\3002', 'direct', 'Easy Excel', 'https://github.com/alibaba/easyexcel');
INSERT INTO "PUBLIC"."MARK" VALUES(1727212989653856258, '', 'direct', U&'Oracle JDK\4e0b\8f7d\5730\5740', 'https://repo.huaweicloud.com/java/jdk/');
INSERT INTO "PUBLIC"."MARK" VALUES(1751551018133483522, U&'\6700\8fd1\5728\4f7f\7528AMD\663e\5361\73a9APEX\65f6\5019\7ecf\5e38\4f1a\51fa\73b0\6253\4e2a\4e09\56db\628a\5c31\6389\9a71\52a8\7684\60c5\51b5\ff0c\6211\7528\7684\662f5700xt\5361\52a0\7684\662f5600x\7684u\ff0c\4e0d\7ba1\662f\6362\4ec0\4e48\6700\65b0\8fd8\662f\7ecf\8fc7\8ba4\8bc1\7684\9a71\52a8\8fd8\662f\4e00\6837\6389\3002\540e\6765\53d1\73b0\5fae\8f6f\4f1a\540e\53f0\66f4\65b0\663e\5361\9a71\52a8\ff0c\66f4\65b0\7684\65f6\5019\4f1a\548cAMD\5b98\65b9\7684\9a71\52a8\51b2\7a81\6253\67b6\ff0c\7136\540e\628aamd\5b98\65b9\9a71\52a8\7ed9\9876\6389\9020\6210\9a71\52a8\5d29\6e83\53ca\9ed1\5c4f\95ea\5c4f\7684\60c5\51b5\3002\963b\6b62\5fae\8f6f\5b89\88c5\540e\7ecf\51e0\5929\6d4b\8bd5\4e0d\518d\51fa\73b0\6389\9a71\52a8\7684\60c5\51b5\ff0c\663e\5361\6389\9a71\52a8\60c5\51b5\5982\4e0b\56fe\6240\793a', 'zhihu', U&'AMD\663e\5361\6389\9a71\52a8\9ed1\5c4f\7b49\53ca\89e3\51b3\65b9\6cd5', 'https://zhuanlan.zhihu.com/p/575009209');

INSERT INTO "PUBLIC"."MARK_TAG" VALUES(118, 1);
INSERT INTO "PUBLIC"."MARK_TAG" VALUES(118, 2);
INSERT INTO "PUBLIC"."MARK_TAG" VALUES(119, 3);
INSERT INTO "PUBLIC"."MARK_TAG" VALUES(74, 3);
INSERT INTO "PUBLIC"."MARK_TAG" VALUES(103, 3);
INSERT INTO "PUBLIC"."MARK_TAG" VALUES(120, 4);
INSERT INTO "PUBLIC"."MARK_TAG" VALUES(183, 35);
INSERT INTO "PUBLIC"."MARK_TAG" VALUES(184, 36);
INSERT INTO "PUBLIC"."MARK_TAG" VALUES(185, 1);
INSERT INTO "PUBLIC"."MARK_TAG" VALUES(186, 36);
INSERT INTO "PUBLIC"."MARK_TAG" VALUES(1751551018133483522, 1751551215555178498);

INSERT INTO "PUBLIC"."TAG" VALUES(1, 'Java');
INSERT INTO "PUBLIC"."TAG" VALUES(2, 'Spring');
INSERT INTO "PUBLIC"."TAG" VALUES(3, 'Git');
INSERT INTO "PUBLIC"."TAG" VALUES(4, U&'\5fae\670d\52a1');
INSERT INTO "PUBLIC"."TAG" VALUES(35, U&'\8f6f\4ef6\5de5\7a0b');
INSERT INTO "PUBLIC"."TAG" VALUES(36, 'Redis');
INSERT INTO "PUBLIC"."TAG" VALUES(1751551215555178498, U&'\64cd\4f5c\7cfb\7edf');